Species	stdev
setosa	0.3524896872134513
versicolor	0.5161711470638634
virginica	0.6358795932744321
